"id","item_name","action","field_name","old_value","new_value","changed_by","device_id","timestamp"
"1","NM","view_category","category_opened","","NM","hilvait","DEV-3QQTFB","2026-03-09 19:27:07.27651"
"2","LADY","view_category","category_opened","","LADY","hilvait","DEV-3RD4GJ","2026-03-09 19:27:08.555995"
"3","A01","edit","all","","A01","hilvait","DEV-45OKT0","2026-03-09 19:27:13.744808"
"4","Historia","view_category","category_opened","","Historia","hilvait","DEV-47611Y","2026-03-09 19:27:15.719415"
"5","NM","view_category","category_opened","","NM","hilvait","DEV-97LG8I","2026-03-09 20:14:08.46496"
"6","Historia","view_category","category_opened","","Historia","hilvait","DEV-96K9NV","2026-03-09 20:14:10.225333"
"7","NM","view_category","category_opened","","NM","hilvait","DEV-WV73NV","2026-03-09 20:18:24.605876"
"8","Historia","view_category","category_opened","","Historia","hilvait","DEV-WWAR2O","2026-03-09 20:18:26.32137"
"9","LADY","view_category","category_opened","","LADY","hilvait","DEV-YBDQKB","2026-03-09 20:18:56.087775"
"10","A01","edit","all","","A01","hilvait","DEV-YQ7IA6","2026-03-09 20:19:02.018454"
"11","Historia","view_category","category_opened","","Historia","hilvait","DEV-YRDL0W","2026-03-09 20:19:04.388347"
"12","LADY","view_category","category_opened","","LADY","hilvait","DEV-YUNH5E","2026-03-09 20:19:34.05646"
"13","A01","edit","all","","A01","hilvait","DEV-YRAVOV","2026-03-09 20:19:40.323658"
"14","NM","view_category","category_opened","","NM","hilvait","DEV-YEMAL4","2026-03-09 20:19:42.547554"
"15","LADY","view_category","category_opened","","LADY","hilvait","DEV-YDJ706","2026-03-09 20:19:44.518353"
"16","Historia","view_category","category_opened","","Historia","hilvait","DEV-YCFSMV","2026-03-09 20:19:46.212779"
"17","LADY","view_category","category_opened","","LADY","hilvait","DEV-YBUOF1","2026-03-09 20:19:47.640245"
"18","A01","edit","all","","A01","hilvait","DEV-NF9K1D","2026-03-09 20:20:08.672524"
"19","Historia","view_category","category_opened","","Historia","hilvait","DEV-NE7VVT","2026-03-09 20:20:10.151069"
"20","LADY","view_category","category_opened","","LADY","hilvait","DEV-N22ILZ","2026-03-09 20:20:11.657862"
"21","NM","view_category","category_opened","","NM","hilvait","DEV-CHGNKM","2026-03-09 21:00:18.701357"
"22","Historia","view_category","category_opened","","Historia","hilvait","DEV-CIFRYY","2026-03-09 21:00:19.681928"
"23","LADY","view_category","category_opened","","LADY","hilvait","DEV-CULSXA","2026-03-09 21:00:21.082185"
"24","NM","view_category","category_opened","","NM","hilvait","DEV-CV4C8K","2026-03-09 21:00:21.908041"
"25","NM","view_category","category_opened","","NM","hilvait","DEV-95QYTQ","2026-03-09 21:02:16.467911"
"26","LADY","view_category","category_opened","","LADY","hilvait","DEV-BAGH4B","2026-03-09 21:06:22.597054"
"27","NM","view_category","category_opened","","NM","hilvait","DEV-20GB14","2026-03-09 21:07:35.335988"
"28","NM","view_category","category_opened","","NM","hilvait","DEV-FRU8DA","2026-03-09 21:08:57.27479"
"29","NM","view_category","category_opened","","NM","hilvait","DEV-RCNU2R","2026-03-09 21:11:45.479729"
"30","NM","view_category","category_opened","","NM","hilvait","DEV-NJR32J","2026-03-09 21:13:06.249439"
"31","NM","view_category","category_opened","","NM","hilvait","DEV-2EVXAX","2026-03-09 21:15:10.923713"
"32","NM","view_category","category_opened","","NM","hilvait","DEV-10SVLD","2026-03-09 21:20:46.337759"
"33","NM","view_category","category_opened","","NM","hilvait","DEV-E8VOIL","2026-03-09 21:21:53.999747"
"34","LADY","view_category","category_opened","","LADY","hilvait","DEV-PQM6Z2","2026-03-10 07:19:35.32267"
"35","NM","view_category","category_opened","","NM","hilvait","DEV-PRPUEQ","2026-03-10 07:19:35.464586"
"36","LADY","view_category","category_opened","","LADY","admin","DEV-EERG4K","2026-03-10 07:20:01.157055"
"37","A30","edit","all","A01","A30","admin","DEV-DCRQ77","2026-03-10 07:20:28.829207"
"38","A30","edit","all","A01","A30","admin","DEV-CG9TS5","2026-03-10 07:20:46.108259"
"39","NM","view_category","category_opened","","NM","admin","DEV-UK2QUY","2026-03-10 07:25:21.105356"
"40","LADY","view_category","category_opened","","LADY","admin","DEV-ULQ3WC","2026-03-10 07:25:23.828206"
"41","NM","view_category","category_opened","","NM","admin","DEV-EJF0D7","2026-03-10 08:47:40.945616"
"42","NM","view_category","category_opened","","NM","admin","DEV-3X2656","2026-03-10 09:40:40.184079"
"43","LADY","view_category","category_opened","","LADY","admin","DEV-4A74RV","2026-03-10 09:40:42.133791"
"44","NM","view_category","category_opened","","NM","admin","DEV-4QQ8QN","2026-03-10 09:40:51.438042"
"45","LADY","view_category","category_opened","","LADY","admin","DEV-4RA4WB","2026-03-10 09:40:52.397759"
"46","NM","view_category","category_opened","","NM","admin","DEV-4RTWVA","2026-03-10 09:40:53.395574"
"47","LADY","view_category","category_opened","","LADY","admin","DEV-5O9PLS","2026-03-10 09:41:10.17919"
"48","NM","view_category","category_opened","","NM","admin","DEV-WS6NCK","2026-03-10 09:43:48.376885"
"49","LADY","view_category","category_opened","","LADY","admin","DEV-Y6B52H","2026-03-10 09:44:16.428977"
"50","NM","view_category","category_opened","","NM","admin","DEV-7N0A9C","2026-03-10 10:01:01.976272"
"51","LADY","view_category","category_opened","","LADY","admin","DEV-7L8FKK","2026-03-10 10:01:04.936621"
"52","NM","view_category","category_opened","","NM","admin","DEV-733Z9Q","2026-03-10 10:02:44.354633"
"53","LADY","view_category","category_opened","","LADY","admin","DEV-7J3WMI","2026-03-10 10:02:52.700978"
"54","NM","view_category","category_opened","","NM","admin","DEV-RYFIA1","2026-03-10 10:03:26.743086"
"55","LADY","view_category","category_opened","","LADY","admin","DEV-RXA61F","2026-03-10 10:03:29.06717"
"56","NM","view_category","category_opened","","NM","admin","DEV-MCJ4IO","2026-03-10 11:11:45.376197"
"57","LADY","view_category","category_opened","","LADY","admin","DEV-ME6I5L","2026-03-10 11:11:46.816014"
"58","A30","edit","all","","A30","admin","DEV-PN81OC","2026-03-10 11:12:53.542168"
"59","A30","edit","all","","A30","admin","DEV-Q6ZCDB","2026-03-10 11:13:07.43366"
"60","NM","view_category","category_opened","","NM","Adrianna","DEV-G93K2N","2026-03-10 12:42:29.215938"
"61","LADY","view_category","category_opened","","LADY","admin","DEV-L3NBPR","2026-03-10 14:57:38.019794"
"62","A666","add","new_item","","LADY","admin","DEV-K4F99U","2026-03-10 14:58:00.476487"
"63","A666","delete","all","","","admin","DEV-JOHU6W","2026-03-10 14:58:08.50207"
"64","NM","view_category","category_opened","","NM","admin","DEV-MDSC2A","2026-03-10 15:02:23.492661"
"65","NM","view_category","category_opened","","NM","admin","DEV-KQDMAJ","2026-03-10 15:11:15.410177"
"66","NM","view_category","category_opened","","NM","hilvait","DEV-7WH4BB","2026-03-10 15:12:18.175623"
"67","Historia","view_category","category_opened","","Historia","hilvait","DEV-7HNAR5","2026-03-10 15:12:24.375093"
"68","NM","view_category","category_opened","","NM","hilvait","DEV-WLGKYG","2026-03-10 15:18:04.140234"
"69","Historia","view_category","category_opened","","Historia","hilvait","DEV-WKBKMO","2026-03-10 15:18:06.247762"
"70","NM","view_category","category_opened","","NM","hilvait","DEV-KPKQI5","2026-03-10 15:18:47.489024"
"71","Historia","view_category","category_opened","","Historia","hilvait","DEV-K7EYY7","2026-03-10 15:18:59.562769"
"72","NM","view_category","category_opened","","NM","hilvait","DEV-JX53LW","2026-03-10 15:21:04.020234"
"73","Historia","view_category","category_opened","","Historia","hilvait","DEV-JXSTUR","2026-03-10 15:21:05.369434"
"74","NM","view_category","category_opened","","NM","hilvait","DEV-7I6C8O","2026-03-10 15:25:56.89476"
"75","Historia","view_category","category_opened","","Historia","hilvait","DEV-7HL3VV","2026-03-10 15:25:58.169392"
"76","LADY","view_category","category_opened","","LADY","hilvait","DEV-LW92NP","2026-03-10 15:29:20.445916"
"77","NM","view_category","category_opened","","NM","hilvait","DEV-Y0JFE7","2026-03-10 15:31:07.673866"
"78","Historia","view_category","category_opened","","Historia","hilvait","DEV-XZYBXX","2026-03-10 15:31:08.931709"
"79","NM","view_category","category_opened","","NM","hilvait","DEV-9VVF48","2026-03-10 15:38:40.249141"
"80","Historia","view_category","category_opened","","Historia","hilvait","DEV-9JPDZ0","2026-03-10 15:38:41.334239"
"81","NM","view_category","category_opened","","NM","hilvait","DEV-JE81WT","2026-03-10 15:41:55.084935"
"82","NM","view_category","category_opened","","NM","hilvait","DEV-4RJCLZ","2026-03-10 15:47:55.837828"
"83","NM","view_category","category_opened","","NM","hilvait","DEV-WMSPBA","2026-03-10 15:52:39.899712"
"84","NM","view_category","category_opened","","NM","hilvait","DEV-W5MLE0","2026-03-10 15:52:50.292581"
"85","NM","view_category","category_opened","","NM","hilvait","DEV-4RV9QZ","2026-03-10 16:01:29.329054"
"86","LADY","view_category","category_opened","","LADY","admin","DEV-WXZK7S","2026-03-10 22:48:00.596808"
"87","NM","view_category","category_opened","","NM","admin","DEV-XAIXOZ","2026-03-10 22:48:00.807611"
"88","NM","view_category","category_opened","","NM","GalinaMir","DEV-JZE1QZ","2026-03-11 13:40:01.365433"
"89","Lodowki","view_category","category_opened","","Lodowki","GalinaMir","DEV-K2PFP5","2026-03-11 13:40:06.154839"
"90","NM","view_category","category_opened","","NM","GalinaMir","DEV-XBY8IM","2026-03-11 13:41:16.587264"
"91","Lodowki","view_category","category_opened","","Lodowki","GalinaMir","DEV-XCIMMZ","2026-03-11 13:41:17.368093"
"92","NM","view_category","category_opened","","NM","admin","DEV-LGNVNN","2026-03-12 00:52:26.642488"
"93","NM","view_category","category_opened","","NM","hilvait","DEV-MDNJ5V","2026-03-12 00:52:43.275135"
"94","Historia","view_category","category_opened","","Historia","hilvait","DEV-MGDXE3","2026-03-12 00:52:48.507622"
"95","NM","view_category","category_opened","","NM","hilvait","DEV-RGCZJL","2026-03-12 09:56:21.458083"
"96","NM","view_category","category_opened","","NM","admin","DEV-QZBUY2","2026-03-12 09:56:27.929303"
"97","LADY","view_category","category_opened","","LADY","admin","DEV-QM3OJL","2026-03-12 09:56:31.282976"
"98","A20","add","new_item","","LADY","admin","DEV-BUJ29A","2026-03-12 09:58:17.396965"
"99","NM","view_category","category_opened","","NM","admin","DEV-1XG1BX","2026-03-12 09:59:39.91474"
"100","LADY","view_category","category_opened","","LADY","admin","DEV-2A3ET0","2026-03-12 09:59:41.799746"
"101","NM","view_category","category_opened","","NM","GalinaMir","DEV-LVVQ2","2026-03-12 10:29:37.319421"
"102","Lodowki","view_category","category_opened","","Lodowki","GalinaMir","DEV-YJ5Y1","2026-03-12 10:29:38.083923"
"103","L003","edit","all","","L003","GalinaMir","DEV-DSZCRF","2026-03-12 10:30:42.707987"
"104","NM","view_category","category_opened","","NM","admin","DEV-ADSCIL","2026-03-12 10:31:07.205195"
"105","Lodowki","view_category","category_opened","","Lodowki","admin","DEV-AEW0U4","2026-03-12 10:31:09.102953"
"106","L003","edit","all","","L003","admin","DEV-B9LUD1","2026-03-12 10:31:22.948775"
"107","NM","view_category","category_opened","","NM","admin","DEV-2W8G6","2026-03-12 10:32:55.990654"
"108","NM","view_category","category_opened","","NM","GalinaMir","DEV-B5WI8W","2026-03-12 10:35:53.936875"
"109","Lodowki","view_category","category_opened","","Lodowki","GalinaMir","DEV-A9VVZC","2026-03-12 10:36:10.906888"
"110","Krzesla","view_category","category_opened","","Krzesla","GalinaMir","DEV-A8CZSX","2026-03-12 10:36:13.152927"
"111","K001","edit","all","","K001","GalinaMir","DEV-9CF2P7","2026-03-12 10:36:29.621303"
"112","NM","view_category","category_opened","","NM","admin","DEV-2Z3X1L","2026-03-12 10:37:21.161193"
"113","Lodowki","view_category","category_opened","","Lodowki","admin","DEV-2WIP2U","2026-03-12 10:37:25.342263"
"114","NM","view_category","category_opened","","NM","RatajczakB","DEV-AWZB3S","2026-03-12 10:48:55.206867"
"115","NM","view_category","category_opened","","NM","GalinaMir","DEV-XIFM2G","2026-03-13 06:34:54.41526"
"116","NM","view_category","category_opened","","NM","Adrianna","DEV-MBFRJD","2026-03-13 10:14:51.427549"
"117","NM","view_category","category_opened","","NM","GalinaMir","DEV-ZEJ3TR","2026-03-14 17:58:53.593274"
"118","NM","view_category","category_opened","","NM","GalinaMir","DEV-XBHHYX","2026-03-14 18:07:08.56304"
"119","NM","view_category","category_opened","","NM","GalinaMir","DEV-WUDU54","2026-03-14 18:07:18.212165"
"120","NM","view_category","category_opened","","NM","GalinaMir","DEV-WUDU54","2026-03-14 18:07:53.487964"
"121","NM","view_category","category_opened","","NM","GalinaMir","DEV-TYG2W1","2026-03-14 18:08:21.523471"
"122","NM","view_category","category_opened","","NM","GalinaMir","DEV-ET103M","2026-03-14 18:10:11.16874"
"123","NM","view_category","category_opened","","NM","GalinaMir","DEV-SY5SQ","2026-03-15 17:56:13.694058"
"124","NM","view_category","category_opened","","NM","Adrianna","DEV-HULV6L","2026-03-16 12:25:14.809436"
"125","NM","view_category","category_opened","","NM","Adrianna","DEV-BE37U4","2026-03-17 09:00:55.88251"
"126","Krzesla","view_category","category_opened","","Krzesla","Adrianna","DEV-BGXEMF","2026-03-17 09:00:57.892361"
"127","Ekspresy","view_category","category_opened","","Ekspresy","Adrianna","DEV-NQDQ4X","2026-03-17 09:01:44.932377"
"128","NM","view_category","category_opened","","NM","admin","DEV-HH6CSD","2026-03-17 09:53:21.839576"
"129","LADY","view_category","category_opened","","LADY","admin","DEV-HHVZ89","2026-03-17 09:53:22.36433"
"130","NM","view_category","category_opened","","NM","Adrianna","DEV-3B6U7E","2026-03-17 09:59:50.01298"
"131","Ekspresy","view_category","category_opened","","Ekspresy","Adrianna","DEV-XE7NZ7","2026-03-17 11:05:22.219778"
"132","Krzesla","view_category","category_opened","","Krzesla","Adrianna","DEV-W1CPTA","2026-03-17 11:05:43.995355"
"133","LADY","view_category","category_opened","","LADY","Adrianna","DEV-VI3QYX","2026-03-17 11:05:57.998703"
"134","NM","view_category","category_opened","","NM","Adrianna","DEV-5EL3DZ","2026-03-17 13:02:46.563054"
"135","NM","view_category","category_opened","","NM","admin","DEV-JS5KT5","2026-03-17 14:39:58.25699"
"136","NM","view_category","category_opened","","NM","moder","DEV-IU3I61","2026-03-17 14:40:15.996863"
"137","Historia","view_category","category_opened","","Historia","moder","DEV-ISZDVA","2026-03-17 14:40:18.343363"
"138","LADY","view_category","category_opened","","LADY","moder","DEV-IBBE4C","2026-03-17 14:40:29.792138"
"139","Historia","view_category","category_opened","","Historia","moder","DEV-IB8UXS","2026-03-17 14:40:30.15295"
"140","NM","view_category","category_opened","","NM","moder","DEV-GYZCRD","2026-03-17 14:40:54.184111"
"141","Historia","view_category","category_opened","","Historia","moder","DEV-GXX5ZV","2026-03-17 14:40:55.936011"
"142","Lodowki","view_category","category_opened","","Lodowki","moder","DEV-GVPB4N","2026-03-17 14:41:00.048967"
"143","LADY","view_category","category_opened","","LADY","moder","DEV-GV2VJT","2026-03-17 14:41:01.723087"
"144","Telewizory","view_category","category_opened","","Telewizory","moder","DEV-29HGF1","2026-03-17 14:42:36.665014"
"145","Historia","view_category","category_opened","","Historia","moder","DEV-1OL982","2026-03-17 14:42:53.213121"
"146","NM","view_category","category_opened","","NM","admin","DEV-T788XH","2026-03-17 14:47:40.863004"
"147","NM","view_category","category_opened","","NM","moder","DEV-SQ22KD","2026-03-17 14:47:50.79018"
"148","Historia","view_category","category_opened","","Historia","moder","DEV-SBWJSR","2026-03-17 14:47:55.283456"
"149","LADY","view_category","category_opened","","LADY","moder","DEV-S8HDNF","2026-03-17 14:48:02.060799"
"150","NM","view_category","category_opened","","NM","moder","DEV-S80PRM","2026-03-17 14:48:02.368372"
"151","Krzesla","view_category","category_opened","","Krzesla","moder","DEV-S7GYIH","2026-03-17 14:48:03.355441"
"152","NM","view_category","category_opened","","NM","moder","DEV-HE6NAO","2026-03-17 14:48:18.132676"
"153","NM","view_category","category_opened","","NM","moder","DEV-LCFIYW","2026-03-17 14:49:55.165481"
"154","NM","view_category","category_opened","","NM","moder","DEV-Q4RXFN","2026-03-17 14:59:11.176979"
"155","Historia","view_category","category_opened","","Historia","moder","DEV-Q6HV4Z","2026-03-17 14:59:13.030801"
"156","Telewizory","view_category","category_opened","","Telewizory","moder","DEV-WNW5W4","2026-03-17 14:59:55.05726"
"157","NM","view_category","category_opened","","NM","moder","DEV-W4460E","2026-03-17 15:00:09.443259"
"158","LADY","view_category","category_opened","","LADY","moder","DEV-W2XJ21","2026-03-17 15:00:12.065766"
"159","A15","edit","all","","A15","moder","DEV-URQGGV","2026-03-17 15:00:34.56448"
"160","A18","edit","all","","A18","moder","DEV-TPQOD5","2026-03-17 15:01:01.952531"
"161","NM","view_category","category_opened","","NM","Adrianna","DEV-BP9J3I","2026-03-17 15:02:27.993619"
"162","NM","view_category","category_opened","","NM","moder","DEV-WUMMEQ","2026-03-17 15:09:09.155003"
"163","Historia","view_category","category_opened","","Historia","moder","DEV-4UW8LZ","2026-03-17 15:13:39.361477"
"164","Ekspresy","view_category","category_opened","","Ekspresy","moder","DEV-4WJK7P","2026-03-17 15:13:42.265119"
"165","NM","view_category","category_opened","","NM","moder","DEV-94LRZT","2026-03-17 15:22:41.84209"
"166","Historia","view_category","category_opened","","Historia","moder","DEV-A1LYX9","2026-03-17 15:22:58.960033"
"167","LADY","view_category","category_opened","","LADY","moder","DEV-A23967","2026-03-17 15:22:59.492145"
"168","Historia","view_category","category_opened","","Historia","moder","DEV-A25TOZ","2026-03-17 15:22:59.901549"
"169","LADY","view_category","category_opened","","LADY","moder","DEV-A2MY23","2026-03-17 15:23:00.463102"
"170","Historia","view_category","category_opened","","Historia","moder","DEV-A2PKA0","2026-03-17 15:23:00.880366"
"171","NM","view_category","category_opened","","NM","moder","DEV-QHS5PW","2026-03-17 15:23:06.570214"
"172","Historia","view_category","category_opened","","Historia","moder","DEV-QH51RL","2026-03-17 15:23:08.129735"
"173","NM","view_category","category_opened","","NM","moder","DEV-J1WXWV","2026-03-17 15:28:43.924218"
"174","Historia","view_category","category_opened","","Historia","moder","DEV-JF3VOI","2026-03-17 15:28:46.072846"
"175","NM","view_category","category_opened","","NM","moder","DEV-LFPIUO","2026-03-17 15:29:34.171852"
"176","Historia","view_category","category_opened","","Historia","moder","DEV-LV2CEB","2026-03-17 15:29:40.87169"
"177","NM","view_category","category_opened","","NM","moder","DEV-5PN38R","2026-03-17 15:48:31.893326"
"178","Historia","view_category","category_opened","","Historia","moder","DEV-63CO2V","2026-03-17 15:48:35.885349"
"179","NM","view_category","category_opened","","NM","moder","DEV-MY022L","2026-03-17 16:47:01.411663"
"180","Historia","view_category","category_opened","","Historia","moder","DEV-MIINCZ","2026-03-17 16:47:09.187215"
"181","NM","view_category","category_opened","","NM","moder","DEV-M2N5H8","2026-03-17 16:47:16.49234"
"182","Historia","view_category","category_opened","","Historia","moder","DEV-LZTL2X","2026-03-17 16:47:22.172059"
"183","NM","view_category","category_opened","","NM","GalinaMir","DEV-E6JR00","2026-03-18 08:21:56.859492"
"184","Lodowki","view_category","category_opened","","Lodowki","GalinaMir","DEV-OHQTXV","2026-03-18 08:21:59.374098"
"185","NM","view_category","category_opened","","NM","admin","DEV-534OE0","2026-03-18 11:59:15.180693"
"186","NM","view_category","category_opened","","NM","admin","DEV-6IPZCH","2026-03-18 11:59:44.467811"
"187","NM","view_category","category_opened","","NM","moder","DEV-QSTUY2","2026-03-18 13:14:18.324904"
"188","Telewizory","view_category","category_opened","","Telewizory","moder","DEV-RPCU2E","2026-03-18 13:14:34.371068"
"189","TV55094","edit","all","","TV55094","moder","DEV-UXV9TG","2026-03-18 13:15:29.671509"
"190","NM","view_category","category_opened","","NM","moder","DEV-B34EJ6","2026-03-18 13:26:25.828975"
"191","NM","view_category","category_opened","","NM","moder","DEV-A4FD77","2026-03-18 13:26:45.899521"
"192","Telewizory","view_category","category_opened","","Telewizory","moder","DEV-9P2I66","2026-03-18 13:26:52.710633"
"193","TV55094","edit","all","","TV55094","moder","DEV-8RNDTA","2026-03-18 13:27:11.072788"
"194","NM","view_category","category_opened","","NM","hilvait","DEV-SVJSIV","2026-03-18 13:44:53.918036"
"195","Telewizory","view_category","category_opened","","Telewizory","hilvait","DEV-9WYEZ0","2026-03-18 13:49:16.340888"
"196","TV55009","edit","all","","TV55009","hilvait","DEV-1W5300","2026-03-18 13:49:54.796815"
"197","TV55009","edit","all","","TV55009","hilvait","DEV-2T258R","2026-03-18 13:50:12.282698"
"198","TV55094","edit","all","","TV55094","hilvait","DEV-4AEVYO","2026-03-18 13:50:46.464769"
"199","NM","view_category","category_opened","","NM","hilvait","DEV-G3NRNF","2026-03-18 13:53:07.619261"
"200","Ekspresy","view_category","category_opened","","Ekspresy","hilvait","DEV-G2PVSH","2026-03-18 13:53:08.948617"
"201","E008","edit","all","","E008","hilvait","DEV-DOSQXH","2026-03-18 13:54:00.987474"
"202","Telewizory","view_category","category_opened","","Telewizory","hilvait","DEV-CVQB5S","2026-03-18 13:54:11.355306"
"203","TV65095","edit","all","","TV65095","hilvait","DEV-1I2TMC","2026-03-18 13:54:42.590608"
"204","Krzesla","view_category","category_opened","","Krzesla","hilvait","DEV-2SZLZX","2026-03-18 13:56:15.896879"
"205","Ekspresy","view_category","category_opened","","Ekspresy","hilvait","DEV-2TFLDY","2026-03-18 13:56:15.915549"
"206","E007","edit","all","","E007","hilvait","DEV-FKKGJU","2026-03-18 13:57:14.237911"
"207","E007","edit","all","","E007","hilvait","DEV-FMW3A6","2026-03-18 13:57:18.813686"
"208","Lodowki","view_category","category_opened","","Lodowki","hilvait","DEV-G1P9ZZ","2026-03-18 13:57:24.492412"
"209","L020","edit","all","","L020","hilvait","DEV-HHZ081","2026-03-18 13:57:56.814018"
"210","Ekspresy","view_category","category_opened","","Ekspresy","hilvait","DEV-AZVV31","2026-03-18 14:02:21.702953"
"211","E014","edit","all","","E014","hilvait","DEV-WWHHZ","2026-03-18 14:03:06.223674"
"212","Telewizory","view_category","category_opened","","Telewizory","hilvait","DEV-UO0YKX","2026-03-18 14:06:31.476644"
"213","NM","view_category","category_opened","","NM","admin","DEV-W7O2L2","2026-03-18 14:07:09.620614"
"214","TV65080","add","new_item","","Telewizory","admin","DEV-P367PQ","2026-03-18 14:08:29.850952"
"215","Telewizory","view_category","category_opened","","Telewizory","admin","DEV-O68KWF","2026-03-18 14:08:47.076741"
"216","TV 55099","add","new_item","","Telewizory","admin","DEV-D8I1N8","2026-03-18 14:10:00.425421"
"217","NM","view_category","category_opened","","NM","hilvait","DEV-FZ0BYW","2026-03-18 14:10:53.305449"
"218","Telewizory","view_category","category_opened","","Telewizory","hilvait","DEV-FZM58B","2026-03-18 14:10:54.775162"
"219","TV55099","edit","all","TV 55099","TV55099","hilvait","DEV-RVX97S","2026-03-18 14:11:38.928894"
"220","TV55099","edit","all","TV 55099","TV55099","hilvait","DEV-SCW9FS","2026-03-18 14:11:48.304971"
"221","TV55099","edit","all","TV 55099","TV55099","hilvait","DEV-T731RB","2026-03-18 14:12:00.988788"
"222","NM","view_category","category_opened","","NM","admin","DEV-TT6PPL","2026-03-18 14:12:20.392188"
"223","Telewizory","view_category","category_opened","","Telewizory","admin","DEV-U6TPSB","2026-03-18 14:12:24.012479"
"224","TV55099","edit","all","TV 55099","TV55099","admin","DEV-UMTQ9W","2026-03-18 14:12:32.361537"
"225","TV55099","edit","all","TV 55099","TV55099","admin","DEV-T1T7KK","2026-03-18 14:13:00.997987"
"226","TV55099","edit","all","TV 55099","TV55099","admin","DEV-R14IF0","2026-03-18 14:13:49.781401"
"227","TV55099","edit","all","TV 55099","TV55099","admin","DEV-POOPAD","2026-03-18 14:14:14.893763"
"228","TV55099","edit","all","TV 55099","TV55099","admin","DEV-DUNYR5","2026-03-18 14:14:54.482085"
"229","TV55099","edit","all","TV 55099","TV55099","admin","DEV-BW0SR5","2026-03-18 14:23:11.223417"
"230","TV55099","edit","all","TV 55099","TV55099","admin","DEV-BWJ91X","2026-03-18 14:23:11.324197"
"231","TV55099","edit","all","TV 55099","TV55099","admin","DEV-BJHZX3","2026-03-18 14:23:11.563266"
"232","NM","view_category","category_opened","","NM","hilvait","DEV-AZ0HG4","2026-03-18 14:23:28.83091"
"233","Telewizory","view_category","category_opened","","Telewizory","hilvait","DEV-AGGFUW","2026-03-18 14:23:40.428324"
"234","TV55099","edit","all","TV 55099","TV55099","hilvait","DEV-9ZVHDD","2026-03-18 14:23:49.538851"
"235","NM","view_category","category_opened","","NM","Adrianna","DEV-SZ491I","2026-03-18 14:24:09.570657"
"236","NM","view_category","category_opened","","NM","hilvait","DEV-4LPA0C","2026-03-18 14:25:23.890162"
"237","Telewizory","view_category","category_opened","","Telewizory","hilvait","DEV-4LTQRV","2026-03-18 14:25:24.80811"
"238","Historia","view_category","category_opened","","Historia","hilvait","DEV-AQOG2","2026-03-18 14:43:28.745438"
"239","NM","view_category","category_opened","","NM","hilvait","DEV-A19E9","2026-03-18 14:43:28.910326"
"240","LADY","view_category","category_opened","","LADY","hilvait","DEV-NVV7J","2026-03-18 14:43:31.374424"
"241","Historia","view_category","category_opened","","Historia","hilvait","DEV-OGBMK","2026-03-18 14:43:32.706136"
"242","NM","view_category","category_opened","","NM","admin","DEV-I7WHWO","2026-03-18 14:53:45.030723"
"243","Krzesla","view_category","category_opened","","Krzesla","admin","DEV-IA2CW9","2026-03-18 14:53:48.686509"
"244","NM","view_category","category_opened","","NM","admin","DEV-YBWUI0","2026-03-18 14:55:55.488337"
"245","NM","view_category","category_opened","","NM","hilvait","DEV-ZBMQG2","2026-03-18 14:56:18.135423"
"246","Historia","view_category","category_opened","","Historia","hilvait","DEV-PECT6K","2026-03-18 14:56:21.257835"
"247","LADY","view_category","category_opened","","LADY","hilvait","DEV-PCPCKV","2026-03-18 14:56:24.084766"
"248","NM","view_category","category_opened","","NM","hilvait","DEV-Q97KMZ","2026-03-18 15:02:11.415808"
"249","NM","view_category","category_opened","","NM","hilvait","DEV-4HJQLJ","2026-03-18 15:05:58.651713"
"250","NM","view_category","category_opened","","NM","hilvait","DEV-2GKT6I","2026-03-18 15:18:43.837226"
"251","NM","view_category","category_opened","","NM","hilvait","DEV-31IFOK","2026-03-18 15:19:00.932464"
"252","NM","view_category","category_opened","","NM","hilvait","DEV-JHQR8L","2026-03-18 15:28:44.23831"
"253","NM","view_category","category_opened","","NM","hilvait","DEV-Z3RPVS","2026-03-18 15:30:43.036702"
"254","NM","view_category","category_opened","","NM","hilvait","DEV-UUTQ2N","2026-03-18 15:35:16.884099"
"255","NM","view_category","category_opened","","NM","hilvait","DEV-9UBJOF","2026-03-18 15:38:59.196398"
"256","Telewizory","view_category","category_opened","","Telewizory","hilvait","DEV-8YHGH0","2026-03-18 15:39:14.30371"
"257","LADY","view_category","category_opened","","LADY","hilvait","DEV-8VPQOW","2026-03-18 15:39:19.329857"
"258","Historia","view_category","category_opened","","Historia","hilvait","DEV-8HDSO2","2026-03-18 15:39:25.143135"
"259","Ekspresy","view_category","category_opened","","Ekspresy","hilvait","DEV-57WZXB","2026-03-18 15:54:17.035823"
"260","Historia","view_category","category_opened","","Historia","hilvait","DEV-59L1J2","2026-03-18 15:54:19.97116"
"261","LADY","view_category","category_opened","","LADY","hilvait","DEV-5A4SPM","2026-03-18 15:54:20.905543"
"262","NM","view_category","category_opened","","NM","hilvait","DEV-5MMZ89","2026-03-18 15:54:21.916399"
"263","Krzesla","view_category","category_opened","","Krzesla","hilvait","DEV-5N6NCL","2026-03-18 15:54:23.056621"
"264","NM","view_category","category_opened","","NM","hilvait","DEV-5OEPCK","2026-03-18 15:54:25.766012"
"265","Historia","view_category","category_opened","","Historia","hilvait","DEV-5OZBOA","2026-03-18 15:54:26.942823"
"266","NM","view_category","category_opened","","NM","hilvait","DEV-WMT27X","2026-03-18 15:56:53.505237"
"267","Historia","view_category","category_opened","","Historia","hilvait","DEV-WOEJ40","2026-03-18 15:56:56.106633"
"268","NM","view_category","category_opened","","NM","hilvait","DEV-P3GNVA","2026-03-18 15:58:06.015715"
"269","Historia","view_category","category_opened","","Historia","hilvait","DEV-P2TRB2","2026-03-18 15:58:07.480981"
"270","LADY","view_category","category_opened","","LADY","hilvait","DEV-P28QD7","2026-03-18 15:58:08.691391"
"271","NM","view_category","category_opened","","NM","hilvait","DEV-P1TA4X","2026-03-18 15:58:08.866907"
"272","Krzesla","view_category","category_opened","","Krzesla","hilvait","DEV-P1QT6G","2026-03-18 15:58:09.372137"
"273","LADY","view_category","category_opened","","LADY","hilvait","DEV-P19IEK","2026-03-18 15:58:09.809456"
"274","Historia","view_category","category_opened","","Historia","hilvait","DEV-P16ZV9","2026-03-18 15:58:10.42944"
"275","LADY","view_category","category_opened","","LADY","hilvait","DEV-P13QS4","2026-03-18 15:58:10.921537"
"276","Historia","view_category","category_opened","","Historia","hilvait","DEV-OOLN89","2026-03-18 15:58:12.094501"
"277","LADY","view_category","category_opened","","LADY","hilvait","DEV-OOHU1S","2026-03-18 15:58:12.689138"
"278","NM","view_category","category_opened","","NM","hilvait","DEV-WNNVKJ","2026-03-18 16:06:25.714404"
"279","LADY","view_category","category_opened","","LADY","hilvait","DEV-WLXSFQ","2026-03-18 16:06:27.84015"
"280","NM","view_category","category_opened","","NM","GalinaMir","DEV-N87KI5","2026-03-23 09:18:20.11177"
"281","Lodowki","view_category","category_opened","","Lodowki","GalinaMir","DEV-MVKX9P","2026-03-23 09:18:21.989758"
"282","NM","view_category","category_opened","","NM","GalinaMir","DEV-BIAK94","2026-03-23 09:45:58.825786"
"283","Lodowki","view_category","category_opened","","Lodowki","GalinaMir","DEV-B57FN3","2026-03-23 09:45:58.991803"
"284","NM","view_category","category_opened","","NM","RatajczakB","DEV-KVBAB7","2026-03-24 05:35:21.783613"
"285","NM","view_category","category_opened","","NM","Adrianna","DEV-TJYSGZ","2026-03-24 10:20:01.576269"
"286","Lodowki","view_category","category_opened","","Lodowki","Adrianna","DEV-TI6UPZ","2026-03-24 10:20:03.946288"
"287","NM","view_category","category_opened","","NM","GalinaMir","DEV-4WOX27","2026-03-24 13:50:56.321641"
"288","Lodowki","view_category","category_opened","","Lodowki","GalinaMir","DEV-4W0I84","2026-03-24 13:50:56.650172"
"289","NM","view_category","category_opened","","NM","GalinaMir","DEV-90L8QT","2026-03-31 04:20:27.709717"
"290","Lodowki","view_category","category_opened","","Lodowki","GalinaMir","DEV-9DS9ME","2026-03-31 04:20:27.813094"
"291","NM","view_category","category_opened","","NM","GalinaMir","DEV-MDGATW","2026-03-31 04:22:18.412628"
"292","Lodowki","view_category","category_opened","","Lodowki","GalinaMir","DEV-LT8CAU","2026-03-31 04:22:33.508256"
"293","NM","view_category","category_opened","","NM","admin","DEV-1U4T4P","2026-03-31 06:24:10.193816"
"294","Lodowki","view_category","category_opened","","Lodowki","admin","DEV-26QO9C","2026-03-31 06:24:10.52858"
"295","L010","edit","all","","L010","admin","DEV-G1YMNV","2026-03-31 06:25:40.005605"
"296","NM","view_category","category_opened","","NM","admin","DEV-VI7NGE","2026-03-31 06:48:35.367278"
"297","Lodowki","view_category","category_opened","","Lodowki","admin","DEV-W0WJZS","2026-03-31 06:48:46.04798"
"298","NM","view_category","category_opened","","NM","GalinaMir","DEV-3QAVKT","2026-03-31 06:53:41.317269"
"299","Lodowki","view_category","category_opened","","Lodowki","GalinaMir","DEV-3RXNXC","2026-03-31 06:53:44.291095"
"300","NM","view_category","category_opened","","NM","hilvait","DEV-2CNVVL","2026-03-31 10:22:23.131588"
"301","Lodowki","view_category","category_opened","","Lodowki","hilvait","DEV-2AZQM3","2026-03-31 10:22:24.999279"
"302","Lodowki","view_category","category_opened","","Lodowki","admin","DEV-R326J9","2026-03-31 10:36:16.227303"
"303","NM","view_category","category_opened","","NM","admin","DEV-R2FQB6","2026-03-31 10:36:16.278479"
"304","L011","add","new_item","","Lodowki","admin","DEV-GF8KN6","2026-03-31 10:39:00.678592"
"305","LADY","view_category","category_opened","","LADY","hilvait","DEV-20B31Y","2026-03-31 10:57:03.199137"
"306","LADY","view_category","category_opened","","LADY","admin","DEV-ZI84A","2026-03-31 10:57:26.075374"
"307","L025","add","new_item","","LADY","admin","DEV-BQJ1UW","2026-03-31 10:58:22.660348"
"308","L26","add","new_item","","LADY","admin","DEV-DQM2SQ","2026-03-31 10:59:09.98215"
"309","A27","add","new_item","","LADY","admin","DEV-PYG7HP","2026-03-31 10:59:53.710324"
"310","A02","add","new_item","","LADY","admin","DEV-SVUM1A","2026-03-31 11:02:09.625699"
"311","A02","edit","all","","A02","admin","DEV-RXS1QO","2026-03-31 11:02:29.319291"
"312","NM","view_category","category_opened","","NM","admin","DEV-9C4DB4","2026-03-31 11:03:33.492006"
"313","LADY","view_category","category_opened","","LADY","admin","DEV-9D76W4","2026-03-31 11:03:35.582739"
"314","A04","add","new_item","","LADY","admin","DEV-NIVVKW","2026-03-31 11:05:02.619554"
"315","A04","edit","all","","A04","admin","DEV-P1C8YX","2026-03-31 11:05:38.663825"
"316","NM","view_category","category_opened","","NM","hilvait","DEV-XBASV4","2026-03-31 11:06:33.062343"
"317","NM","view_category","category_opened","","NM","admin","DEV-X6DDH6","2026-03-31 11:06:40.773703"
"318","LADY","view_category","category_opened","","LADY","admin","DEV-WUCABH","2026-03-31 11:06:41.673589"
"319","A02","edit","all","","A02","admin","DEV-WR0DBV","2026-03-31 11:06:47.806067"
"320","A5","add","new_item","","LADY","admin","DEV-JJVK2I","2026-03-31 11:07:54.408334"
"321","A6","add","new_item","","LADY","admin","DEV-H2TH8E","2026-03-31 11:08:51.371248"
"322","A8","add","new_item","","LADY","admin","DEV-AQEIX1","2026-03-31 11:11:33.11468"
"323","NM","view_category","category_opened","","NM","admin","DEV-BP25SX","2026-03-31 11:11:53.820506"
"324","LADY","view_category","category_opened","","LADY","admin","DEV-BR9HIE","2026-03-31 11:11:57.862113"
"325","A9","add","new_item","","LADY","admin","DEV-OJX6EV","2026-03-31 11:12:58.905961"
"326","A9","edit","all","","A9","admin","DEV-RCONR6","2026-03-31 11:13:56.464306"
"327","A10","add","new_item","","LADY","admin","DEV-VS6A39","2026-03-31 11:14:39.992787"
"328","A22","add","new_item","","LADY","admin","DEV-G6BN1J","2026-03-31 11:16:38.541743"
"329","A23","add","new_item","","LADY","admin","DEV-DU2MLW","2026-03-31 11:17:27.242465"
"330","A24","add","new_item","","LADY","admin","DEV-KUNCR","2026-03-31 11:18:36.970847"
"331","A25","edit","all","L025","A25","admin","DEV-1DLLWO","2026-03-31 11:19:21.401574"
"332","A26","edit","all","L26","A26","admin","DEV-1U0ZM1","2026-03-31 11:19:29.920074"
"333","A25","edit","all","L025","A25","admin","DEV-LMI4TV","2026-03-31 12:34:48.171239"
"334","A26","edit","all","L26","A26","admin","DEV-L5XQBD","2026-03-31 12:34:56.153882"
"335","NM","view_category","category_opened","","NM","admin","DEV-6I4K8L","2026-03-31 12:36:34.620686"
"336","LADY","view_category","category_opened","","LADY","admin","DEV-6HJEL3","2026-03-31 12:36:36.06812"
"337","NM","view_category","category_opened","","NM","admin","DEV-7BESGV","2026-03-31 12:38:00.590063"
"338","LADY","view_category","category_opened","","LADY","admin","DEV-7NLCVA","2026-03-31 12:38:01.920714"
"339","LADY","view_category","category_opened","","LADY","admin","DEV-8NVUZW","2026-03-31 12:38:26.270998"
"340","NM","view_category","category_opened","","NM","admin","DEV-8NBJ4H","2026-03-31 12:38:26.373959"
"341","NM","view_category","category_opened","","NM","admin","DEV-94V14L","2026-03-31 12:38:35.904857"
"342","LADY","view_category","category_opened","","LADY","admin","DEV-95GM42","2026-03-31 12:38:36.851136"
"343","NM","view_category","category_opened","","NM","admin","DEV-9MF32V","2026-03-31 12:38:46.362058"
"344","LADY","view_category","category_opened","","LADY","admin","DEV-A1DXUT","2026-03-31 12:38:52.849072"
"345","NM","view_category","category_opened","","NM","admin","DEV-UO9Q4Z","2026-03-31 12:42:34.024155"
"346","LADY","view_category","category_opened","","LADY","admin","DEV-UN9BXM","2026-03-31 12:42:35.707128"
"347","NM","view_category","category_opened","","NM","admin","DEV-KHSWZ5","2026-03-31 12:45:08.40622"
"348","LADY","view_category","category_opened","","LADY","admin","DEV-KIFA5V","2026-03-31 12:45:09.879988"
"349","NM","view_category","category_opened","","NM","admin","DEV-YW5D87","2026-03-31 12:47:10.179963"
"350","NM","view_category","category_opened","","NM","admin","DEV-KT70N0","2026-03-31 12:48:31.988681"
"351","LADY","view_category","category_opened","","LADY","admin","DEV-KOX4ST","2026-03-31 12:48:39.490433"
"352","NM","view_category","category_opened","","NM","admin","DEV-KEAJ0F","2026-03-31 13:02:12.919377"
"353","NM","view_category","category_opened","","NM","admin","DEV-KC42LA","2026-03-31 13:02:15.737444"
"354","LADY","view_category","category_opened","","LADY","admin","DEV-K9GV79","2026-03-31 13:02:20.401725"
"355","NM","view_category","category_opened","","NM","Adrianna","DEV-YX9GSO","2026-03-31 14:20:52.180081"
"356","NM","view_category","category_opened","","NM","Adrianna","DEV-YEM0F4","2026-04-01 08:35:47.590069"
"357","Krzesla","view_category","category_opened","","Krzesla","Adrianna","DEV-YDH7IA","2026-04-01 08:35:47.964322"
"358","NM","view_category","category_opened","","NM","admin","DEV-A1P1C","2026-04-01 11:10:42.173331"
"359","LADY","view_category","category_opened","","LADY","admin","DEV-8XE1H","2026-04-01 11:10:42.598912"
"360","NM","view_category","category_opened","","NM","hilvait","DEV-AZBUDC","2026-04-01 11:28:21.399877"
"361","LADY","view_category","category_opened","","LADY","hilvait","DEV-B13NJV","2026-04-01 11:28:24.064785"
"362","NM","view_category","category_opened","","NM","admin","DEV-CVIFL0","2026-04-01 11:29:01.104775"
"363","LADY","view_category","category_opened","","LADY","admin","DEV-CW5WXJ","2026-04-01 11:29:01.751858"
"364","NM","view_category","category_opened","","NM","admin","DEV-6KY2GH","2026-04-01 11:31:41.316365"
"365","Historia","view_category","category_opened","","Historia","admin","DEV-6KEUOA","2026-04-01 11:31:42.247364"
"366","LADY","view_category","category_opened","","LADY","admin","DEV-6JVPUV","2026-04-01 11:31:43.127799"
"367","LADY","view_category","category_opened","","LADY","admin","DEV-545VV2","2026-04-01 11:32:14.075228"
"368","NM","view_category","category_opened","","NM","admin","DEV-4M1TQG","2026-04-01 11:32:26.236942"
"369","LADY","view_category","category_opened","","LADY","admin","DEV-49XPN9","2026-04-01 11:32:27.254365"
"370","NM","view_category","category_opened","","NM","admin","DEV-NNPCNK","2026-04-01 11:35:17.27174"
"371","LADY","view_category","category_opened","","LADY","admin","DEV-NOQVLE","2026-04-01 11:35:18.771459"
"372","NM","view_category","category_opened","","NM","admin","DEV-KR0TC7","2026-04-01 11:37:44.073125"
"373","LADY","view_category","category_opened","","LADY","admin","DEV-KQ26VP","2026-04-01 11:37:45.475836"
"374","NM","view_category","category_opened","","NM","admin","DEV-KC5QFD","2026-04-01 11:37:50.270718"
"375","LADY","view_category","category_opened","","LADY","admin","DEV-KB7WSI","2026-04-01 11:37:51.370218"
"376","NM","view_category","category_opened","","NM","admin","DEV-8HSPCO","2026-04-01 11:40:56.469694"
"377","LADY","view_category","category_opened","","LADY","admin","DEV-8IDSKC","2026-04-01 11:40:57.684793"
"378","Historia","view_category","category_opened","","Historia","hilvait","DEV-H2B820","2026-04-01 11:46:29.645114"
"379","LADY","view_category","category_opened","","LADY","hilvait","DEV-H173L8","2026-04-01 11:46:30.281037"
"380","NM","view_category","category_opened","","NM","hilvait","DEV-KW9TX1","2026-04-01 11:47:56.208542"
"381","LADY","view_category","category_opened","","LADY","hilvait","DEV-L8TUAB","2026-04-01 11:47:57.693993"
"382","NM","view_category","category_opened","","NM","hilvait","DEV-M6BIUS","2026-04-01 11:48:16.304572"
"383","Historia","view_category","category_opened","","Historia","hilvait","DEV-MAQJ7L","2026-04-01 11:48:24.36705"
"384","LADY","view_category","category_opened","","LADY","hilvait","DEV-MATJF9","2026-04-01 11:48:24.97165"
"385","NM","view_category","category_opened","","NM","hilvait","DEV-P5ACZI","2026-04-01 11:56:56.296498"
"386","LADY","view_category","category_opened","","LADY","hilvait","DEV-PHYVAI","2026-04-01 11:56:58.156422"
"387","NM","view_category","category_opened","","NM","hilvait","DEV-PL4LSX","2026-04-01 11:57:03.392324"
"388","NM","view_category","category_opened","","NM","hilvait","DEV-PYCYS7","2026-04-01 11:57:06.607052"
"389","LADY","view_category","category_opened","","LADY","hilvait","DEV-PYHIRZ","2026-04-01 11:57:07.365172"
"390","NM","view_category","category_opened","","NM","hilvait","DEV-IFRBJ6","2026-04-01 11:59:35.036358"
"391","LADY","view_category","category_opened","","LADY","hilvait","DEV-HYSC5B","2026-04-01 11:59:44.398018"
"392","NM","view_category","category_opened","","NM","hilvait","DEV-EQ8M7A","2026-04-01 12:00:49.514863"
"393","Historia","view_category","category_opened","","Historia","hilvait","DEV-EO23K2","2026-04-01 12:00:53.357756"
"394","LADY","view_category","category_opened","","LADY","hilvait","DEV-EO06KM","2026-04-01 12:00:53.551537"
"395","NM","view_category","category_opened","","NM","hilvait","DEV-QIA6GP","2026-04-01 12:10:57.157212"
"396","LADY","view_category","category_opened","","LADY","hilvait","DEV-Y85Y5J","2026-04-01 12:10:58.474632"
"397","NM","view_category","category_opened","","NM","hilvait","DEV-X6CMPU","2026-04-01 12:11:24.494838"
"398","LADY","view_category","category_opened","","LADY","hilvait","DEV-VEKLPQ","2026-04-01 12:11:56.493448"
"399","NM","view_category","category_opened","","NM","hilvait","DEV-H646QR","2026-04-01 12:13:28.521995"
"400","Historia","view_category","category_opened","","Historia","hilvait","DEV-H5JTHE","2026-04-01 12:13:29.522359"
"401","LADY","view_category","category_opened","","LADY","hilvait","DEV-GQ68LI","2026-04-01 12:13:36.66375"
"402","NM","view_category","category_opened","","NM","hilvait","DEV-AAJ1KU","2026-04-01 12:16:08.899958"
"403","LADY","view_category","category_opened","","LADY","hilvait","DEV-ABK2V6","2026-04-01 12:16:10.40441"
"404","Lodowki","view_category","category_opened","","Lodowki","hilvait","DEV-BRD6XF","2026-04-01 12:16:41.956335"
"405","Historia","view_category","category_opened","","Historia","hilvait","DEV-Q0WHQC","2026-04-01 12:18:16.082746"
"406","NM","view_category","category_opened","","NM","hilvait","DEV-S3L9VQ","2026-04-01 12:20:36.572434"
"407","Historia","view_category","category_opened","","Historia","hilvait","DEV-S31K6K","2026-04-01 12:20:37.690521"
"408","NM","view_category","category_opened","","NM","hilvait","DEV-VEZ0EQ","2026-04-01 12:25:30.146916"
"409","Historia","view_category","category_opened","","Historia","hilvait","DEV-VEGLHW","2026-04-01 12:25:30.783139"
"410","NM","view_category","category_opened","","NM","hilvait","DEV-1M6LKO","2026-04-01 12:28:58.395335"
"411","LADY","view_category","category_opened","","LADY","hilvait","DEV-1L84Z5","2026-04-01 12:28:59.283484"
"412","NM","view_category","category_opened","","NM","hilvait","DEV-UIVWAY","2026-04-01 12:33:17.168869"
"413","LADY","view_category","category_opened","","LADY","hilvait","DEV-UHUVT1","2026-04-01 12:33:18.650058"
"414","Historia","view_category","category_opened","","Historia","hilvait","DEV-UG6TJ6","2026-04-01 12:33:21.762792"
"415","NM","view_category","category_opened","","NM","hilvait","DEV-YQ92XD","2026-04-01 12:37:54.505119"
"416","LADY","view_category","category_opened","","LADY","hilvait","DEV-YP5HRI","2026-04-01 12:37:55.772916"
"417","Historia","view_category","category_opened","","Historia","hilvait","DEV-YCKODP","2026-04-01 12:37:57.231279"
"418","LADY","view_category","category_opened","","LADY","hilvait","DEV-YBVV0X","2026-04-01 12:37:59.170058"
"419","Historia","view_category","category_opened","","Historia","hilvait","DEV-YBEK4Q","2026-04-01 12:37:59.845915"
"420","LADY","view_category","category_opened","","LADY","hilvait","DEV-YAW4EM","2026-04-01 12:38:00.586397"
"421","NM","view_category","category_opened","","NM","hilvait","DEV-YAS4J1","2026-04-01 12:38:01.247876"
"422","LADY","view_category","category_opened","","LADY","hilvait","DEV-K4KYUI","2026-04-01 12:39:29.121249"